"Province","Share Fully Vaccinated","Share Boosted","Share With At Least One Dose","1","2","3","4","5","6","7","8","9","10","11","12","13","14","15","16","17","18","19","20","21","22","23","24","25","26","27","28","29","30","31"
"Alberta",72.6665328868937,15.1165326967385,79.2773341941771,77.8054434944887,NA,NA,NA,NA,NA,NA,NA,NA,NA,NA,NA,NA,NA,NA,NA,NA,NA,NA,NA,NA,NA,NA,NA,NA,NA,NA,NA,NA,NA,NA
"Alberta",72.6665328868937,15.973237781466,79.2773341941771,NA,77.7825801286031,NA,NA,NA,NA,NA,NA,NA,NA,NA,NA,NA,NA,NA,NA,NA,NA,NA,NA,NA,NA,NA,NA,NA,NA,NA,NA,NA,NA,NA
"Alberta",72.6665328868937,17.0279056105402,79.2773341941771,NA,NA,77.8574789045182,77.8574789045182,77.8574789045182,77.8574789045182,77.8574789045182,77.8574789045182,NA,NA,NA,NA,NA,NA,NA,NA,NA,NA,NA,NA,NA,NA,NA,NA,NA,NA,NA,NA,NA,NA,NA
"Alberta",72.6665328868937,19.8520234638089,79.2773341941771,NA,NA,NA,NA,NA,NA,NA,NA,78.1913466858075,78.1913466858075,78.1913466858075,78.1913466858075,78.1913466858075,78.1913466858075,NA,NA,NA,NA,NA,NA,NA,NA,NA,NA,NA,NA,NA,NA,NA,NA,NA
"Alberta",72.6665328868937,22.6380431643346,79.2773341941771,NA,NA,NA,NA,NA,NA,NA,NA,NA,NA,NA,NA,NA,NA,78.4413895825825,NA,NA,NA,NA,NA,NA,NA,NA,NA,NA,NA,NA,NA,NA,NA,NA
"Alberta",72.6665328868937,23.1704329699579,79.2773341941771,NA,NA,NA,NA,NA,NA,NA,NA,NA,NA,NA,NA,NA,NA,NA,78.4948120069807,NA,NA,NA,NA,NA,NA,NA,NA,NA,NA,NA,NA,NA,NA,NA
"Alberta",72.6665328868937,23.7328225541064,79.2773341941771,NA,NA,NA,NA,NA,NA,NA,NA,NA,NA,NA,NA,NA,NA,NA,NA,78.438078645057,NA,NA,NA,NA,NA,NA,NA,NA,NA,NA,NA,NA,NA,NA
"Alberta",72.6665328868937,24.3265541887498,79.2773341941771,NA,NA,NA,NA,NA,NA,NA,NA,NA,NA,NA,NA,NA,NA,NA,NA,NA,78.6162652490485,78.6162652490485,78.6162652490485,NA,NA,NA,NA,NA,NA,NA,NA,NA,NA,NA
"Alberta",72.6665328868937,25.7588702365285,79.2773341941771,NA,NA,NA,NA,NA,NA,NA,NA,NA,NA,NA,NA,NA,NA,NA,NA,NA,NA,NA,NA,78.6492180259072,NA,NA,NA,NA,NA,NA,NA,NA,NA,NA
"Alberta",72.6665328868937,26.2636316107733,79.2773341941771,NA,NA,NA,NA,NA,NA,NA,NA,NA,NA,NA,NA,NA,NA,NA,NA,NA,NA,NA,NA,NA,78.702036427919,NA,NA,NA,NA,NA,NA,NA,NA,NA
"Alberta",72.6665328868937,26.7645003963058,79.2773341941771,NA,NA,NA,NA,NA,NA,NA,NA,NA,NA,NA,NA,NA,NA,NA,NA,NA,NA,NA,NA,NA,NA,78.7580091690598,NA,NA,NA,NA,NA,NA,NA,NA
"Alberta",72.6665328868937,27.2524833709281,79.2773341941771,NA,NA,NA,NA,NA,NA,NA,NA,NA,NA,NA,NA,NA,NA,NA,NA,NA,NA,NA,NA,NA,NA,NA,78.8197984220698,NA,NA,NA,NA,NA,NA,NA
"Alberta",72.6665328868937,27.7282964130242,79.2773341941771,NA,NA,NA,NA,NA,NA,NA,NA,NA,NA,NA,NA,NA,NA,NA,NA,NA,NA,NA,NA,NA,NA,NA,NA,78.8796413807236,78.8796413807236,78.8796413807236,NA,NA,NA,NA
"Alberta",72.6665328868937,28.8611068419405,79.2773341941771,NA,NA,NA,NA,NA,NA,NA,NA,NA,NA,NA,NA,NA,NA,NA,NA,NA,NA,NA,NA,NA,NA,NA,NA,NA,NA,NA,79.0452106281989,79.0452106281989,NA,NA
"Alberta",72.6665328868937,29.5172988655788,79.2773341941771,NA,NA,NA,NA,NA,NA,NA,NA,NA,NA,NA,NA,NA,NA,NA,NA,NA,NA,NA,NA,NA,NA,NA,NA,NA,NA,NA,NA,NA,79.2773341941771,NA
"Alberta",72.6665328868937,29.8282585385835,79.2773341941771,NA,NA,NA,NA,NA,NA,NA,NA,NA,NA,NA,NA,NA,NA,NA,NA,NA,NA,NA,NA,NA,NA,NA,NA,NA,NA,NA,NA,NA,NA,78.8749658000288
"British Columbia",78.691905664845,14.1557082681036,84.2779239150967,82.5303762285322,NA,NA,NA,NA,NA,NA,NA,NA,NA,NA,NA,NA,NA,NA,NA,NA,NA,NA,NA,NA,NA,NA,NA,NA,NA,NA,NA,NA,NA,NA
"British Columbia",78.691905664845,14.5348861516172,84.2779239150967,NA,82.6541273625692,NA,NA,NA,NA,NA,NA,NA,NA,NA,NA,NA,NA,NA,NA,NA,NA,NA,NA,NA,NA,NA,NA,NA,NA,NA,NA,NA,NA,NA
"British Columbia",78.691905664845,14.9341697937012,84.2779239150967,NA,NA,82.7729755800549,NA,NA,NA,NA,NA,NA,NA,NA,NA,NA,NA,NA,NA,NA,NA,NA,NA,NA,NA,NA,NA,NA,NA,NA,NA,NA,NA,NA
"British Columbia",78.691905664845,15.3437153541483,84.2779239150967,NA,NA,NA,82.8667771153139,82.8667771153139,82.8667771153139,82.8667771153139,82.8667771153139,NA,NA,NA,NA,NA,NA,NA,NA,NA,NA,NA,NA,NA,NA,NA,NA,NA,NA,NA,NA,NA,NA,NA
"British Columbia",78.691905664845,16.3266551049053,84.2779239150967,NA,NA,NA,NA,NA,NA,NA,NA,82.9899391392227,NA,NA,NA,NA,NA,NA,NA,NA,NA,NA,NA,NA,NA,NA,NA,NA,NA,NA,NA,NA,NA,NA
"British Columbia",78.691905664845,16.8140202129386,84.2779239150967,NA,NA,NA,NA,NA,NA,NA,NA,NA,83.055976484244,NA,NA,NA,NA,NA,NA,NA,NA,NA,NA,NA,NA,NA,NA,NA,NA,NA,NA,NA,NA,NA
"British Columbia",78.691905664845,17.2855933688244,84.2779239150967,NA,NA,NA,NA,NA,NA,NA,NA,NA,NA,83.1286840762012,83.1286840762012,83.1286840762012,83.1286840762012,NA,NA,NA,NA,NA,NA,NA,NA,NA,NA,NA,NA,NA,NA,NA,NA,NA
"British Columbia",78.691905664845,18.269388279445,84.2779239150967,NA,NA,NA,NA,NA,NA,NA,NA,NA,NA,NA,NA,NA,NA,83.266896913709,NA,NA,NA,NA,NA,NA,NA,NA,NA,NA,NA,NA,NA,NA,NA,NA
"British Columbia",78.691905664845,18.9756553090035,84.2779239150967,NA,NA,NA,NA,NA,NA,NA,NA,NA,NA,NA,NA,NA,NA,NA,83.3183015232868,NA,NA,NA,NA,NA,NA,NA,NA,NA,NA,NA,NA,NA,NA,NA
"British Columbia",78.691905664845,19.8180637888447,84.2779239150967,NA,NA,NA,NA,NA,NA,NA,NA,NA,NA,NA,NA,NA,NA,NA,NA,83.3917312502399,NA,NA,NA,NA,NA,NA,NA,NA,NA,NA,NA,NA,NA,NA
"British Columbia",78.691905664845,20.7026601552894,84.2779239150967,NA,NA,NA,NA,NA,NA,NA,NA,NA,NA,NA,NA,NA,NA,NA,NA,NA,83.461930373264,83.461930373264,83.461930373264,NA,NA,NA,NA,NA,NA,NA,NA,NA,NA,NA
"British Columbia",78.691905664845,22.7637854620543,84.2779239150967,NA,NA,NA,NA,NA,NA,NA,NA,NA,NA,NA,NA,NA,NA,NA,NA,NA,NA,NA,NA,83.7013181244102,NA,NA,NA,NA,NA,NA,NA,NA,NA,NA
"British Columbia",78.691905664845,23.5727856965581,84.2779239150967,NA,NA,NA,NA,NA,NA,NA,NA,NA,NA,NA,NA,NA,NA,NA,NA,NA,NA,NA,NA,NA,83.7568845119907,NA,NA,NA,NA,NA,NA,NA,NA,NA
"British Columbia",78.691905664845,24.5976852912884,84.2779239150967,NA,NA,NA,NA,NA,NA,NA,NA,NA,NA,NA,NA,NA,NA,NA,NA,NA,NA,NA,NA,NA,NA,83.8175628552002,NA,NA,NA,NA,NA,NA,NA,NA
"British Columbia",78.691905664845,25.7045282045025,84.2779239150967,NA,NA,NA,NA,NA,NA,NA,NA,NA,NA,NA,NA,NA,NA,NA,NA,NA,NA,NA,NA,NA,NA,NA,83.8802365714247,NA,NA,NA,NA,NA,NA,NA
"British Columbia",78.691905664845,26.8423849154361,84.2779239150967,NA,NA,NA,NA,NA,NA,NA,NA,NA,NA,NA,NA,NA,NA,NA,NA,NA,NA,NA,NA,NA,NA,NA,NA,83.9378553426778,83.9378553426778,83.9378553426778,NA,NA,NA,NA
"British Columbia",78.691905664845,29.3555667296444,84.2779239150967,NA,NA,NA,NA,NA,NA,NA,NA,NA,NA,NA,NA,NA,NA,NA,NA,NA,NA,NA,NA,NA,NA,NA,NA,NA,NA,NA,84.1357583386638,NA,NA,NA
"British Columbia",78.691905664845,30.2551188919257,84.2779239150967,NA,NA,NA,NA,NA,NA,NA,NA,NA,NA,NA,NA,NA,NA,NA,NA,NA,NA,NA,NA,NA,NA,NA,NA,NA,NA,NA,NA,84.1681403921649,NA,NA
"British Columbia",78.691905664845,31.2932259556602,84.2779239150967,NA,NA,NA,NA,NA,NA,NA,NA,NA,NA,NA,NA,NA,NA,NA,NA,NA,NA,NA,NA,NA,NA,NA,NA,NA,NA,NA,NA,NA,84.2216543960728,NA
"British Columbia",78.691905664845,32.320938076164,84.2779239150967,NA,NA,NA,NA,NA,NA,NA,NA,NA,NA,NA,NA,NA,NA,NA,NA,NA,NA,NA,NA,NA,NA,NA,NA,NA,NA,NA,NA,NA,NA,84.2779239150967
"Manitoba",75.4119954673308,14.5908949720735,82.2585260772279,80.6931590058039,NA,NA,NA,NA,NA,NA,NA,NA,NA,NA,NA,NA,NA,NA,NA,NA,NA,NA,NA,NA,NA,NA,NA,NA,NA,NA,NA,NA,NA,NA
"Manitoba",75.4119954673308,16.4843484863301,82.2585260772279,NA,80.874135025223,NA,NA,NA,NA,NA,NA,NA,NA,NA,NA,NA,NA,NA,NA,NA,NA,NA,NA,NA,NA,NA,NA,NA,NA,NA,NA,NA,NA,NA
"Manitoba",75.4119954673308,17.2508182388164,82.2585260772279,NA,NA,80.9210147886959,NA,NA,NA,NA,NA,NA,NA,NA,NA,NA,NA,NA,NA,NA,NA,NA,NA,NA,NA,NA,NA,NA,NA,NA,NA,NA,NA,NA
"Manitoba",75.4119954673308,17.6582120115733,82.2585260772279,NA,NA,NA,80.9484092517069,80.9484092517069,80.9484092517069,80.9484092517069,NA,NA,NA,NA,NA,NA,NA,NA,NA,NA,NA,NA,NA,NA,NA,NA,NA,NA,NA,NA,NA,NA,NA,NA
"Manitoba",75.4119954673308,18.2794407790669,82.2585260772279,NA,NA,NA,NA,NA,NA,NA,80.9857980201209,NA,NA,NA,NA,NA,NA,NA,NA,NA,NA,NA,NA,NA,NA,NA,NA,NA,NA,NA,NA,NA,NA,NA
"Manitoba",75.4119954673308,19.8907528947535,82.2585260772279,NA,NA,NA,NA,NA,NA,NA,NA,81.067693803243,81.067693803243,81.067693803243,81.067693803243,81.067693803243,81.067693803243,NA,NA,NA,NA,NA,NA,NA,NA,NA,NA,NA,NA,NA,NA,NA,NA,NA
"Manitoba",75.4119954673308,23.961023646958,82.2585260772279,NA,NA,NA,NA,NA,NA,NA,NA,NA,NA,NA,NA,NA,NA,81.3048967782386,NA,NA,NA,NA,NA,NA,NA,NA,NA,NA,NA,NA,NA,NA,NA,NA
"Manitoba",75.4119954673308,24.7528746210792,82.2585260772279,NA,NA,NA,NA,NA,NA,NA,NA,NA,NA,NA,NA,NA,NA,NA,81.3509137239788,NA,NA,NA,NA,NA,NA,NA,NA,NA,NA,NA,NA,NA,NA,NA
"Manitoba",75.4119954673308,25.924796806424,82.2585260772279,NA,NA,NA,NA,NA,NA,NA,NA,NA,NA,NA,NA,NA,NA,NA,NA,81.4133961081168,NA,NA,NA,NA,NA,NA,NA,NA,NA,NA,NA,NA,NA,NA
"Manitoba",75.4119954673308,26.8817335733884,82.2585260772279,NA,NA,NA,NA,NA,NA,NA,NA,NA,NA,NA,NA,NA,NA,NA,NA,NA,81.4866637139126,81.4866637139126,81.4866637139126,NA,NA,NA,NA,NA,NA,NA,NA,NA,NA,NA
"Manitoba",75.4119954673308,28.7811549102957,82.2585260772279,NA,NA,NA,NA,NA,NA,NA,NA,NA,NA,NA,NA,NA,NA,NA,NA,NA,NA,NA,NA,81.6297476545738,NA,NA,NA,NA,NA,NA,NA,NA,NA,NA
"Manitoba",75.4119954673308,29.4574602097222,82.2585260772279,NA,NA,NA,NA,NA,NA,NA,NA,NA,NA,NA,NA,NA,NA,NA,NA,NA,NA,NA,NA,NA,81.6814448170539,NA,NA,NA,NA,NA,NA,NA,NA,NA
"Manitoba",75.4119954673308,30.2505335089647,82.2585260772279,NA,NA,NA,NA,NA,NA,NA,NA,NA,NA,NA,NA,NA,NA,NA,NA,NA,NA,NA,NA,NA,NA,81.7585232011688,NA,NA,NA,NA,NA,NA,NA,NA
"Manitoba",75.4119954673308,30.98960879844,82.2585260772279,NA,NA,NA,NA,NA,NA,NA,NA,NA,NA,NA,NA,NA,NA,NA,NA,NA,NA,NA,NA,NA,NA,NA,81.8315032010538,NA,NA,NA,NA,NA,NA,NA
"Manitoba",75.4119954673308,31.6945308859988,82.2585260772279,NA,NA,NA,NA,NA,NA,NA,NA,NA,NA,NA,NA,NA,NA,NA,NA,NA,NA,NA,NA,NA,NA,NA,NA,81.8972930531668,81.8972930531668,81.8972930531668,NA,NA,NA,NA
"Manitoba",75.4119954673308,33.3961512577007,82.2585260772279,NA,NA,NA,NA,NA,NA,NA,NA,NA,NA,NA,NA,NA,NA,NA,NA,NA,NA,NA,NA,NA,NA,NA,NA,NA,NA,NA,82.0920022548303,NA,NA,NA
"Manitoba",75.4119954673308,33.989554153317,82.2585260772279,NA,NA,NA,NA,NA,NA,NA,NA,NA,NA,NA,NA,NA,NA,NA,NA,NA,NA,NA,NA,NA,NA,NA,NA,NA,NA,NA,NA,82.1356464518059,NA,NA
"Manitoba",75.4119954673308,34.6241565956664,82.2585260772279,NA,NA,NA,NA,NA,NA,NA,NA,NA,NA,NA,NA,NA,NA,NA,NA,NA,NA,NA,NA,NA,NA,NA,NA,NA,NA,NA,NA,NA,82.1953246783128,NA
"Manitoba",75.4119954673308,35.1087006540158,82.2585260772279,NA,NA,NA,NA,NA,NA,NA,NA,NA,NA,NA,NA,NA,NA,NA,NA,NA,NA,NA,NA,NA,NA,NA,NA,NA,NA,NA,NA,NA,NA,82.2585260772279
"New Brunswick",78.9629980391391,13.987474166886,86.4346713448584,84.681608837853,NA,NA,NA,NA,NA,NA,NA,NA,NA,NA,NA,NA,NA,NA,NA,NA,NA,NA,NA,NA,NA,NA,NA,NA,NA,NA,NA,NA,NA,NA
"New Brunswick",78.9629980391391,14.7359260691225,86.4346713448584,NA,84.8033912691946,NA,NA,NA,NA,NA,NA,NA,NA,NA,NA,NA,NA,NA,NA,NA,NA,NA,NA,NA,NA,NA,NA,NA,NA,NA,NA,NA,NA,NA
"New Brunswick",78.9629980391391,15.8940555816528,86.4346713448584,NA,NA,84.8775689859062,NA,NA,NA,NA,NA,NA,NA,NA,NA,NA,NA,NA,NA,NA,NA,NA,NA,NA,NA,NA,NA,NA,NA,NA,NA,NA,NA,NA
"New Brunswick",78.9629980391391,16.8084942931015,86.4346713448584,NA,NA,NA,84.9896541605639,84.9896541605639,84.9896541605639,84.9896541605639,NA,NA,NA,NA,NA,NA,NA,NA,NA,NA,NA,NA,NA,NA,NA,NA,NA,NA,NA,NA,NA,NA,NA,NA
"New Brunswick",78.9629980391391,17.3549410041572,86.4346713448584,NA,NA,NA,NA,NA,NA,NA,85.0586684029374,NA,NA,NA,NA,NA,NA,NA,NA,NA,NA,NA,NA,NA,NA,NA,NA,NA,NA,NA,NA,NA,NA,NA
"New Brunswick",78.9629980391391,17.6580747293269,86.4346713448584,NA,NA,NA,NA,NA,NA,NA,NA,85.095694292094,NA,NA,NA,NA,NA,NA,NA,NA,NA,NA,NA,NA,NA,NA,NA,NA,NA,NA,NA,NA,NA,NA
"New Brunswick",78.9629980391391,18.4886384673801,86.4346713448584,NA,NA,NA,NA,NA,NA,NA,NA,NA,85.1737760991589,NA,NA,NA,NA,NA,NA,NA,NA,NA,NA,NA,NA,NA,NA,NA,NA,NA,NA,NA,NA,NA
"New Brunswick",78.9629980391391,19.1938934989339,86.4346713448584,NA,NA,NA,NA,NA,NA,NA,NA,NA,NA,85.2908988097562,85.2908988097562,85.2908988097562,NA,NA,NA,NA,NA,NA,NA,NA,NA,NA,NA,NA,NA,NA,NA,NA,NA,NA
"New Brunswick",78.9629980391391,20.010352136356,86.4346713448584,NA,NA,NA,NA,NA,NA,NA,NA,NA,NA,NA,NA,NA,85.3815744566703,NA,NA,NA,NA,NA,NA,NA,NA,NA,NA,NA,NA,NA,NA,NA,NA,NA
"New Brunswick",78.9629980391391,20.0963680625259,86.4346713448584,NA,NA,NA,NA,NA,NA,NA,NA,NA,NA,NA,NA,NA,NA,85.4134368714887,NA,NA,NA,NA,NA,NA,NA,NA,NA,NA,NA,NA,NA,NA,NA,NA
"New Brunswick",78.9629980391391,20.698983299309,86.4346713448584,NA,NA,NA,NA,NA,NA,NA,NA,NA,NA,NA,NA,NA,NA,NA,85.4806879762833,NA,NA,NA,NA,NA,NA,NA,NA,NA,NA,NA,NA,NA,NA,NA
"New Brunswick",78.9629980391391,21.4056236532463,86.4346713448584,NA,NA,NA,NA,NA,NA,NA,NA,NA,NA,NA,NA,NA,NA,NA,NA,85.5372343172061,NA,NA,NA,NA,NA,NA,NA,NA,NA,NA,NA,NA,NA,NA
"New Brunswick",78.9629980391391,22.3578438842425,86.4346713448584,NA,NA,NA,NA,NA,NA,NA,NA,NA,NA,NA,NA,NA,NA,NA,NA,NA,85.6246355657594,NA,NA,NA,NA,NA,NA,NA,NA,NA,NA,NA,NA,NA
"New Brunswick",78.9629980391391,23.2084318276558,86.4346713448584,NA,NA,NA,NA,NA,NA,NA,NA,NA,NA,NA,NA,NA,NA,NA,NA,NA,NA,85.7185856110342,NA,NA,NA,NA,NA,NA,NA,NA,NA,NA,NA,NA
"New Brunswick",78.9629980391391,24.0500781447763,86.4346713448584,NA,NA,NA,NA,NA,NA,NA,NA,NA,NA,NA,NA,NA,NA,NA,NA,NA,NA,NA,85.7998158780614,NA,NA,NA,NA,NA,NA,NA,NA,NA,NA,NA
"New Brunswick",78.9629980391391,24.5348150405711,86.4346713448584,NA,NA,NA,NA,NA,NA,NA,NA,NA,NA,NA,NA,NA,NA,NA,NA,NA,NA,NA,NA,85.836841767218,NA,NA,NA,NA,NA,NA,NA,NA,NA,NA
"New Brunswick",78.9629980391391,25.0739573245143,86.4346713448584,NA,NA,NA,NA,NA,NA,NA,NA,NA,NA,NA,NA,NA,NA,NA,NA,NA,NA,NA,NA,NA,85.8736157795776,NA,NA,NA,NA,NA,NA,NA,NA,NA
"New Brunswick",78.9629980391391,25.9965820318649,86.4346713448584,NA,NA,NA,NA,NA,NA,NA,NA,NA,NA,NA,NA,NA,NA,NA,NA,NA,NA,NA,NA,NA,NA,85.9537126010183,NA,NA,NA,NA,NA,NA,NA,NA
"New Brunswick",78.9629980391391,27.1058474457804,86.4346713448584,NA,NA,NA,NA,NA,NA,NA,NA,NA,NA,NA,NA,NA,NA,NA,NA,NA,NA,NA,NA,NA,NA,NA,86.0338094224591,NA,NA,NA,NA,NA,NA,NA
"New Brunswick",78.9629980391391,28.182116999291,86.4346713448584,NA,NA,NA,NA,NA,NA,NA,NA,NA,NA,NA,NA,NA,NA,NA,NA,NA,NA,NA,NA,NA,NA,NA,NA,86.0930004697502,86.0930004697502,NA,NA,NA,NA,NA
"New Brunswick",78.9629980391391,29.2425183145916,86.4346713448584,NA,NA,NA,NA,NA,NA,NA,NA,NA,NA,NA,NA,NA,NA,NA,NA,NA,NA,NA,NA,NA,NA,NA,NA,NA,NA,86.1378345396133,86.1378345396133,NA,NA,NA
"New Brunswick",78.9629980391391,30.9280778400053,86.4346713448584,NA,NA,NA,NA,NA,NA,NA,NA,NA,NA,NA,NA,NA,NA,NA,NA,NA,NA,NA,NA,NA,NA,NA,NA,NA,NA,NA,NA,86.2778780387361,NA,NA
"New Brunswick",78.9629980391391,31.8310561571913,86.4346713448584,NA,NA,NA,NA,NA,NA,NA,NA,NA,NA,NA,NA,NA,NA,NA,NA,NA,NA,NA,NA,NA,NA,NA,NA,NA,NA,NA,NA,NA,86.3510482482598,NA
"New Brunswick",78.9629980391391,32.9845259489773,86.4346713448584,NA,NA,NA,NA,NA,NA,NA,NA,NA,NA,NA,NA,NA,NA,NA,NA,NA,NA,NA,NA,NA,NA,NA,NA,NA,NA,NA,NA,NA,NA,86.4346713448584
"Newfoundland and Labrador",86.309612782805,0,94.1664462866933,92.3761943636384,92.8292189350473,92.8292189350473,92.8292189350473,92.8292189350473,92.8292189350473,92.8292189350473,92.8292189350473,92.9693039442266,92.9693039442266,92.9693039442266,92.9693039442266,92.9693039442266,93.1078558753301,93.2076975850188,93.2076975850188,93.2076975850188,93.2076975850188,93.2076975850188,93.2076975850188,93.4487741124436,93.4487741124436,93.4487741124436,93.6298689601515,93.896816180106,93.896816180106,93.896816180106,93.896816180106,94.1664462866933,94.1664462866933,94.1664462866933
"Northwest Territories",81.5299490602494,32.2589144563499,88.8042332689268,87.6932197435447,87.6932197435447,87.6932197435447,87.6932197435447,87.6932197435447,87.6932197435447,87.6932197435447,87.6932197435447,87.6932197435447,87.6932197435447,87.6932197435447,87.6932197435447,87.6932197435447,87.6932197435447,87.6932197435447,NA,NA,NA,NA,NA,NA,NA,NA,NA,NA,NA,NA,NA,NA,NA,NA
"Northwest Territories",81.5299490602494,34.8322501317407,88.8042332689268,NA,NA,NA,NA,NA,NA,NA,NA,NA,NA,NA,NA,NA,NA,NA,88.1565079922712,88.1565079922712,88.1565079922712,88.1565079922712,88.1565079922712,NA,NA,NA,NA,NA,NA,NA,NA,NA,NA,NA
"Northwest Territories",81.5299490602494,36.4899877041981,88.8042332689268,NA,NA,NA,NA,NA,NA,NA,NA,NA,NA,NA,NA,NA,NA,NA,NA,NA,NA,NA,NA,88.4529246443,88.4529246443,88.4529246443,88.4529246443,88.4529246443,88.4529246443,88.4529246443,NA,NA,NA,NA
"Northwest Territories",81.5299490602494,38.1213771298085,88.8042332689268,NA,NA,NA,NA,NA,NA,NA,NA,NA,NA,NA,NA,NA,NA,NA,NA,NA,NA,NA,NA,NA,NA,NA,NA,NA,NA,NA,88.8042332689268,88.8042332689268,88.8042332689268,88.8042332689268
"Nova Scotia",80.0226413131962,9.03742417060189,87.1904570465087,85.6990705460917,NA,NA,NA,NA,NA,NA,NA,NA,NA,NA,NA,NA,NA,NA,NA,NA,NA,NA,NA,NA,NA,NA,NA,NA,NA,NA,NA,NA,NA,NA
"Nova Scotia",80.0226413131962,9.86577221478846,87.1904570465087,NA,85.8566796874219,NA,NA,NA,NA,NA,NA,NA,NA,NA,NA,NA,NA,NA,NA,NA,NA,NA,NA,NA,NA,NA,NA,NA,NA,NA,NA,NA,NA,NA
"Nova Scotia",80.0226413131962,10.5025091455304,87.1904570465087,NA,NA,85.9827870016461,85.9827870016461,85.9827870016461,85.9827870016461,85.9827870016461,85.9827870016461,NA,NA,NA,NA,NA,NA,NA,NA,NA,NA,NA,NA,NA,NA,NA,NA,NA,NA,NA,NA,NA,NA,NA
"Nova Scotia",80.0226413131962,12.0720001760102,87.1904570465087,NA,NA,NA,NA,NA,NA,NA,NA,86.1474965548002,NA,NA,NA,NA,NA,NA,NA,NA,NA,NA,NA,NA,NA,NA,NA,NA,NA,NA,NA,NA,NA,NA
"Nova Scotia",80.0226413131962,12.8190435045233,87.1904570465087,NA,NA,NA,NA,NA,NA,NA,NA,NA,86.2392018737087,NA,NA,NA,NA,NA,NA,NA,NA,NA,NA,NA,NA,NA,NA,NA,NA,NA,NA,NA,NA,NA
"Nova Scotia",80.0226413131962,13.3051716999586,87.1904570465087,NA,NA,NA,NA,NA,NA,NA,NA,NA,NA,86.3205065893822,86.3205065893822,86.3205065893822,86.3205065893822,NA,NA,NA,NA,NA,NA,NA,NA,NA,NA,NA,NA,NA,NA,NA,NA,NA
"Nova Scotia",80.0226413131962,13.4704812879147,87.1904570465087,NA,NA,NA,NA,NA,NA,NA,NA,NA,NA,NA,NA,NA,NA,86.3384076276424,NA,NA,NA,NA,NA,NA,NA,NA,NA,NA,NA,NA,NA,NA,NA,NA
"Nova Scotia",80.0226413131962,15.5152998873935,87.1904570465087,NA,NA,NA,NA,NA,NA,NA,NA,NA,NA,NA,NA,NA,NA,NA,86.4728154232945,NA,NA,NA,NA,NA,NA,NA,NA,NA,NA,NA,NA,NA,NA,NA
"Nova Scotia",80.0226413131962,16.7439711503267,87.1904570465087,NA,NA,NA,NA,NA,NA,NA,NA,NA,NA,NA,NA,NA,NA,NA,NA,86.5378191935132,NA,NA,NA,NA,NA,NA,NA,NA,NA,NA,NA,NA,NA,NA
"Nova Scotia",80.0226413131962,18.070448085989,87.1904570465087,NA,NA,NA,NA,NA,NA,NA,NA,NA,NA,NA,NA,NA,NA,NA,NA,NA,86.6114234625608,86.6114234625608,86.6114234625608,86.6114234625608,NA,NA,NA,NA,NA,NA,NA,NA,NA,NA
"Nova Scotia",80.0226413131962,20.5358910816827,87.1904570465087,NA,NA,NA,NA,NA,NA,NA,NA,NA,NA,NA,NA,NA,NA,NA,NA,NA,NA,NA,NA,NA,86.9644439377484,NA,NA,NA,NA,NA,NA,NA,NA,NA
"Nova Scotia",80.0226413131962,22.2712917349206,87.1904570465087,NA,NA,NA,NA,NA,NA,NA,NA,NA,NA,NA,NA,NA,NA,NA,NA,NA,NA,NA,NA,NA,NA,87.060949535073,NA,NA,NA,NA,NA,NA,NA,NA
"Nova Scotia",80.0226413131962,23.9103868024345,87.1904570465087,NA,NA,NA,NA,NA,NA,NA,NA,NA,NA,NA,NA,NA,NA,NA,NA,NA,NA,NA,NA,NA,NA,NA,87.0608495292727,87.0608495292727,87.0608495292727,87.0608495292727,NA,NA,NA,NA
"Nova Scotia",80.0226413131962,28.1878348944239,87.1904570465087,NA,NA,NA,NA,NA,NA,NA,NA,NA,NA,NA,NA,NA,NA,NA,NA,NA,NA,NA,NA,NA,NA,NA,NA,NA,NA,NA,87.049348862234,NA,NA,NA
"Nova Scotia",80.0226413131962,29.4561084542903,87.1904570465087,NA,NA,NA,NA,NA,NA,NA,NA,NA,NA,NA,NA,NA,NA,NA,NA,NA,NA,NA,NA,NA,NA,NA,NA,NA,NA,NA,NA,87.0874510721622,NA,NA
"Nova Scotia",80.0226413131962,31.0386002388139,87.1904570465087,NA,NA,NA,NA,NA,NA,NA,NA,NA,NA,NA,NA,NA,NA,NA,NA,NA,NA,NA,NA,NA,NA,NA,NA,NA,NA,NA,NA,NA,87.1371539549294,NA
"Nova Scotia",80.0226413131962,32.7620001960114,87.1904570465087,NA,NA,NA,NA,NA,NA,NA,NA,NA,NA,NA,NA,NA,NA,NA,NA,NA,NA,NA,NA,NA,NA,NA,NA,NA,NA,NA,NA,NA,NA,87.1904570465087
"Nunavut",63.5165112175447,0,79.715149987396,75.9415175195362,75.9415175195362,75.9415175195362,75.9415175195362,75.9415175195362,75.9415175195362,75.9415175195362,76.8439626922107,76.8439626922107,76.8439626922107,76.8439626922107,76.8439626922107,76.8439626922107,76.8439626922107,76.8439626922107,77.9127804386186,77.9127804386186,77.9127804386186,77.9127804386186,77.9127804386186,78.7169145449962,78.7169145449962,78.7169145449962,78.7169145449962,78.7169145449962,78.7169145449962,78.7169145449962,79.715149987396,79.715149987396,79.715149987396,79.715149987396
"Ontario",77.4591322076772,14.2334337796052,83.0558960037978,81.2481242058734,NA,NA,NA,NA,NA,NA,NA,NA,NA,NA,NA,NA,NA,NA,NA,NA,NA,NA,NA,NA,NA,NA,NA,NA,NA,NA,NA,NA,NA,NA
"Ontario",77.4591322076772,15.6302932709344,83.0558960037978,NA,81.3538615868627,NA,NA,NA,NA,NA,NA,NA,NA,NA,NA,NA,NA,NA,NA,NA,NA,NA,NA,NA,NA,NA,NA,NA,NA,NA,NA,NA,NA,NA
"Ontario",77.4591322076772,17.1895279958026,83.0558960037978,NA,NA,81.4480103008588,NA,NA,NA,NA,NA,NA,NA,NA,NA,NA,NA,NA,NA,NA,NA,NA,NA,NA,NA,NA,NA,NA,NA,NA,NA,NA,NA,NA
"Ontario",77.4591322076772,18.5497871159865,83.0558960037978,NA,NA,NA,81.5990512691063,NA,NA,NA,NA,NA,NA,NA,NA,NA,NA,NA,NA,NA,NA,NA,NA,NA,NA,NA,NA,NA,NA,NA,NA,NA,NA,NA
"Ontario",77.4591322076772,19.1713373368574,83.0558960037978,NA,NA,NA,NA,81.5623705605815,NA,NA,NA,NA,NA,NA,NA,NA,NA,NA,NA,NA,NA,NA,NA,NA,NA,NA,NA,NA,NA,NA,NA,NA,NA,NA
"Ontario",77.4591322076772,19.2592866830684,83.0558960037978,NA,NA,NA,NA,NA,81.5657581200839,NA,NA,NA,NA,NA,NA,NA,NA,NA,NA,NA,NA,NA,NA,NA,NA,NA,NA,NA,NA,NA,NA,NA,NA,NA
"Ontario",77.4591322076772,19.5433395726466,83.0558960037978,NA,NA,NA,NA,NA,NA,81.5770923853755,NA,NA,NA,NA,NA,NA,NA,NA,NA,NA,NA,NA,NA,NA,NA,NA,NA,NA,NA,NA,NA,NA,NA,NA
"Ontario",77.4591322076772,20.4302776319245,83.0558960037978,NA,NA,NA,NA,NA,NA,NA,81.6281936535211,NA,NA,NA,NA,NA,NA,NA,NA,NA,NA,NA,NA,NA,NA,NA,NA,NA,NA,NA,NA,NA,NA,NA
"Ontario",77.4591322076772,21.5005455912286,83.0558960037978,NA,NA,NA,NA,NA,NA,NA,NA,81.702800299953,NA,NA,NA,NA,NA,NA,NA,NA,NA,NA,NA,NA,NA,NA,NA,NA,NA,NA,NA,NA,NA,NA
"Ontario",77.4591322076772,22.7146040702799,83.0558960037978,NA,NA,NA,NA,NA,NA,NA,NA,NA,81.7767910264754,NA,NA,NA,NA,NA,NA,NA,NA,NA,NA,NA,NA,NA,NA,NA,NA,NA,NA,NA,NA,NA
"Ontario",77.4591322076772,23.9123607560738,83.0558960037978,NA,NA,NA,NA,NA,NA,NA,NA,NA,NA,81.852636207508,NA,NA,NA,NA,NA,NA,NA,NA,NA,NA,NA,NA,NA,NA,NA,NA,NA,NA,NA,NA
"Ontario",77.4591322076772,24.5167455568575,83.0558960037978,NA,NA,NA,NA,NA,NA,NA,NA,NA,NA,NA,81.900872109118,NA,NA,NA,NA,NA,NA,NA,NA,NA,NA,NA,NA,NA,NA,NA,NA,NA,NA,NA
"Ontario",77.4591322076772,24.6474343889643,83.0558960037978,NA,NA,NA,NA,NA,NA,NA,NA,NA,NA,NA,NA,81.9100841286343,NA,NA,NA,NA,NA,NA,NA,NA,NA,NA,NA,NA,NA,NA,NA,NA,NA,NA
"Ontario",77.4591322076772,25.1734701603876,83.0558960037978,NA,NA,NA,NA,NA,NA,NA,NA,NA,NA,NA,NA,NA,81.9479230343803,NA,NA,NA,NA,NA,NA,NA,NA,NA,NA,NA,NA,NA,NA,NA,NA,NA
"Ontario",77.4591322076772,26.0766229807618,83.0558960037978,NA,NA,NA,NA,NA,NA,NA,NA,NA,NA,NA,NA,NA,NA,81.9982276235125,NA,NA,NA,NA,NA,NA,NA,NA,NA,NA,NA,NA,NA,NA,NA,NA
"Ontario",77.4591322076772,27.1577431810804,83.0558960037978,NA,NA,NA,NA,NA,NA,NA,NA,NA,NA,NA,NA,NA,NA,NA,82.0641310538316,NA,NA,NA,NA,NA,NA,NA,NA,NA,NA,NA,NA,NA,NA,NA
"Ontario",77.4591322076772,28.3368147313582,83.0558960037978,NA,NA,NA,NA,NA,NA,NA,NA,NA,NA,NA,NA,NA,NA,NA,NA,82.1322705412135,NA,NA,NA,NA,NA,NA,NA,NA,NA,NA,NA,NA,NA,NA
"Ontario",77.4591322076772,29.5035544938822,83.0558960037978,NA,NA,NA,NA,NA,NA,NA,NA,NA,NA,NA,NA,NA,NA,NA,NA,NA,82.2044268975706,NA,NA,NA,NA,NA,NA,NA,NA,NA,NA,NA,NA,NA
"Ontario",77.4591322076772,30.6059707945507,83.0558960037978,NA,NA,NA,NA,NA,NA,NA,NA,NA,NA,NA,NA,NA,NA,NA,NA,NA,NA,82.2798436125791,NA,NA,NA,NA,NA,NA,NA,NA,NA,NA,NA,NA
"Ontario",77.4591322076772,31.3767343082855,83.0558960037978,NA,NA,NA,NA,NA,NA,NA,NA,NA,NA,NA,NA,NA,NA,NA,NA,NA,NA,NA,82.3539280660443,NA,NA,NA,NA,NA,NA,NA,NA,NA,NA,NA
"Ontario",77.4591322076772,31.9299441983257,83.0558960037978,NA,NA,NA,NA,NA,NA,NA,NA,NA,NA,NA,NA,NA,NA,NA,NA,NA,NA,NA,NA,82.3957905355471,NA,NA,NA,NA,NA,NA,NA,NA,NA,NA
"Ontario",77.4591322076772,32.7671467249095,83.0558960037978,NA,NA,NA,NA,NA,NA,NA,NA,NA,NA,NA,NA,NA,NA,NA,NA,NA,NA,NA,NA,NA,82.4522944924642,NA,NA,NA,NA,NA,NA,NA,NA,NA
"Ontario",77.4591322076772,33.6965631735996,83.0558960037978,NA,NA,NA,NA,NA,NA,NA,NA,NA,NA,NA,NA,NA,NA,NA,NA,NA,NA,NA,NA,NA,NA,82.5250935478573,NA,NA,NA,NA,NA,NA,NA,NA
"Ontario",77.4591322076772,34.6394562177014,83.0558960037978,NA,NA,NA,NA,NA,NA,NA,NA,NA,NA,NA,NA,NA,NA,NA,NA,NA,NA,NA,NA,NA,NA,NA,82.6062677750636,NA,NA,NA,NA,NA,NA,NA
"Ontario",77.4591322076772,35.5521357123285,83.0558960037978,NA,NA,NA,NA,NA,NA,NA,NA,NA,NA,NA,NA,NA,NA,NA,NA,NA,NA,NA,NA,NA,NA,NA,NA,82.6996131152647,NA,NA,NA,NA,NA,NA
"Ontario",77.4591322076772,36.4261997065409,83.0558960037978,NA,NA,NA,NA,NA,NA,NA,NA,NA,NA,NA,NA,NA,NA,NA,NA,NA,NA,NA,NA,NA,NA,NA,NA,NA,82.7892026829739,NA,NA,NA,NA,NA
"Ontario",77.4591322076772,37.0622842983203,83.0558960037978,NA,NA,NA,NA,NA,NA,NA,NA,NA,NA,NA,NA,NA,NA,NA,NA,NA,NA,NA,NA,NA,NA,NA,NA,NA,NA,82.8668152863556,NA,NA,NA,NA
"Ontario",77.4591322076772,37.4180449938867,83.0558960037978,NA,NA,NA,NA,NA,NA,NA,NA,NA,NA,NA,NA,NA,NA,NA,NA,NA,NA,NA,NA,NA,NA,NA,NA,NA,NA,NA,82.9135716412264,NA,NA,NA
"Ontario",77.4591322076772,37.6334562874611,83.0558960037978,NA,NA,NA,NA,NA,NA,NA,NA,NA,NA,NA,NA,NA,NA,NA,NA,NA,NA,NA,NA,NA,NA,NA,NA,NA,NA,NA,NA,82.9377130237671,NA,NA
"Ontario",77.4591322076772,38.2091539489805,83.0558960037978,NA,NA,NA,NA,NA,NA,NA,NA,NA,NA,NA,NA,NA,NA,NA,NA,NA,NA,NA,NA,NA,NA,NA,NA,NA,NA,NA,NA,NA,82.9931926790956,NA
"Ontario",77.4591322076772,38.7867395389183,83.0558960037978,NA,NA,NA,NA,NA,NA,NA,NA,NA,NA,NA,NA,NA,NA,NA,NA,NA,NA,NA,NA,NA,NA,NA,NA,NA,NA,NA,NA,NA,NA,83.0558960037978
"Prince Edward Island",80.8171973415317,7.69793183629684,87.6725217693557,85.349658102755,85.349658102755,NA,NA,NA,NA,NA,NA,NA,NA,NA,NA,NA,NA,NA,NA,NA,NA,NA,NA,NA,NA,NA,NA,NA,NA,NA,NA,NA,NA,NA
"Prince Edward Island",80.8171973415317,9.09788269418625,87.6725217693557,NA,NA,85.9621366030816,85.9621366030816,85.9621366030816,85.9621366030816,85.9621366030816,85.9621366030816,85.9621366030816,85.9621366030816,85.9621366030816,85.9621366030816,85.9621366030816,85.9621366030816,NA,NA,NA,NA,NA,NA,NA,NA,NA,NA,NA,NA,NA,NA,NA,NA,NA
"Prince Edward Island",80.8171973415317,12.3472549336881,87.6725217693557,NA,NA,NA,NA,NA,NA,NA,NA,NA,NA,NA,NA,NA,NA,86.1371304603177,86.1371304603177,NA,NA,NA,NA,NA,NA,NA,NA,NA,NA,NA,NA,NA,NA,NA
"Prince Edward Island",80.8171973415317,14.3800602889796,87.6725217693557,NA,NA,NA,NA,NA,NA,NA,NA,NA,NA,NA,NA,NA,NA,NA,NA,86.5740158093766,86.5740158093766,86.5740158093766,86.5740158093766,86.5740158093766,NA,NA,NA,NA,NA,NA,NA,NA,NA,NA
"Prince Edward Island",80.8171973415317,16.946836626454,87.6725217693557,NA,NA,NA,NA,NA,NA,NA,NA,NA,NA,NA,NA,NA,NA,NA,NA,NA,NA,NA,NA,NA,86.6824880291017,86.6824880291017,NA,NA,NA,NA,NA,NA,NA,NA
"Prince Edward Island",80.8171973415317,20.5396043460803,87.6725217693557,NA,NA,NA,NA,NA,NA,NA,NA,NA,NA,NA,NA,NA,NA,NA,NA,NA,NA,NA,NA,NA,NA,NA,87.4525808597472,87.4525808597472,87.4525808597472,87.4525808597472,87.4525808597472,NA,NA,NA
"Prince Edward Island",80.8171973415317,23.0890011566375,87.6725217693557,NA,NA,NA,NA,NA,NA,NA,NA,NA,NA,NA,NA,NA,NA,NA,NA,NA,NA,NA,NA,NA,NA,NA,NA,NA,NA,NA,NA,87.6725217693557,87.6725217693557,87.6725217693557
"Quebec",77.8114354562088,8.58808824745965,85.2033063450565,83.963600256773,NA,NA,NA,NA,NA,NA,NA,NA,NA,NA,NA,NA,NA,NA,NA,NA,NA,NA,NA,NA,NA,NA,NA,NA,NA,NA,NA,NA,NA,NA
"Quebec",77.8114354562088,9.50833010210377,85.2033063450565,NA,84.0457366487058,NA,NA,NA,NA,NA,NA,NA,NA,NA,NA,NA,NA,NA,NA,NA,NA,NA,NA,NA,NA,NA,NA,NA,NA,NA,NA,NA,NA,NA
"Quebec",77.8114354562088,10.5171554026543,85.2033063450565,NA,NA,84.1208598475168,NA,NA,NA,NA,NA,NA,NA,NA,NA,NA,NA,NA,NA,NA,NA,NA,NA,NA,NA,NA,NA,NA,NA,NA,NA,NA,NA,NA
"Quebec",77.8114354562088,11.5290540300095,85.2033063450565,NA,NA,NA,84.1920200722902,84.1920200722902,84.1920200722902,NA,NA,NA,NA,NA,NA,NA,NA,NA,NA,NA,NA,NA,NA,NA,NA,NA,NA,NA,NA,NA,NA,NA,NA,NA
"Quebec",77.8114354562088,11.9259175729129,85.2033063450565,NA,NA,NA,NA,NA,NA,84.212597497249,NA,NA,NA,NA,NA,NA,NA,NA,NA,NA,NA,NA,NA,NA,NA,NA,NA,NA,NA,NA,NA,NA,NA,NA
"Quebec",77.8114354562088,12.5716859254111,85.2033063450565,NA,NA,NA,NA,NA,NA,NA,84.2432152266937,NA,NA,NA,NA,NA,NA,NA,NA,NA,NA,NA,NA,NA,NA,NA,NA,NA,NA,NA,NA,NA,NA,NA
"Quebec",77.8114354562088,13.5375886354383,85.2033063450565,NA,NA,NA,NA,NA,NA,NA,NA,84.2818859966753,NA,NA,NA,NA,NA,NA,NA,NA,NA,NA,NA,NA,NA,NA,NA,NA,NA,NA,NA,NA,NA,NA
"Quebec",77.8114354562088,14.5657666517699,85.2033063450565,NA,NA,NA,NA,NA,NA,NA,NA,NA,84.3350684150276,NA,NA,NA,NA,NA,NA,NA,NA,NA,NA,NA,NA,NA,NA,NA,NA,NA,NA,NA,NA,NA
"Quebec",77.8114354562088,15.5156326038842,85.2033063450565,NA,NA,NA,NA,NA,NA,NA,NA,NA,NA,84.3744901859201,84.3744901859201,84.3744901859201,84.3744901859201,NA,NA,NA,NA,NA,NA,NA,NA,NA,NA,NA,NA,NA,NA,NA,NA,NA
"Quebec",77.8114354562088,16.8428360752184,85.2033063450565,NA,NA,NA,NA,NA,NA,NA,NA,NA,NA,NA,NA,NA,NA,84.4332993341742,NA,NA,NA,NA,NA,NA,NA,NA,NA,NA,NA,NA,NA,NA,NA,NA
"Quebec",77.8114354562088,17.8747459883842,85.2033063450565,NA,NA,NA,NA,NA,NA,NA,NA,NA,NA,NA,NA,NA,NA,NA,84.4718083501134,NA,NA,NA,NA,NA,NA,NA,NA,NA,NA,NA,NA,NA,NA,NA
"Quebec",77.8114354562088,18.9490816760861,85.2033063450565,NA,NA,NA,NA,NA,NA,NA,NA,NA,NA,NA,NA,NA,NA,NA,NA,84.519294715403,NA,NA,NA,NA,NA,NA,NA,NA,NA,NA,NA,NA,NA,NA
"Quebec",77.8114354562088,20.1283610756921,85.2033063450565,NA,NA,NA,NA,NA,NA,NA,NA,NA,NA,NA,NA,NA,NA,NA,NA,NA,84.5694615762516,NA,NA,NA,NA,NA,NA,NA,NA,NA,NA,NA,NA,NA
"Quebec",77.8114354562088,21.2644059305502,85.2033063450565,NA,NA,NA,NA,NA,NA,NA,NA,NA,NA,NA,NA,NA,NA,NA,NA,NA,NA,84.6206798383754,NA,NA,NA,NA,NA,NA,NA,NA,NA,NA,NA,NA
"Quebec",77.8114354562088,22.0349213112799,85.2033063450565,NA,NA,NA,NA,NA,NA,NA,NA,NA,NA,NA,NA,NA,NA,NA,NA,NA,NA,NA,84.6721522854229,NA,NA,NA,NA,NA,NA,NA,NA,NA,NA,NA
"Quebec",77.8114354562088,22.7478522529334,85.2033063450565,NA,NA,NA,NA,NA,NA,NA,NA,NA,NA,NA,NA,NA,NA,NA,NA,NA,NA,NA,NA,84.707691959299,NA,NA,NA,NA,NA,NA,NA,NA,NA,NA
"Quebec",77.8114354562088,23.8551742114144,85.2033063450565,NA,NA,NA,NA,NA,NA,NA,NA,NA,NA,NA,NA,NA,NA,NA,NA,NA,NA,NA,NA,NA,84.7474025766957,NA,NA,NA,NA,NA,NA,NA,NA,NA
"Quebec",77.8114354562088,25.0762901386879,85.2033063450565,NA,NA,NA,NA,NA,NA,NA,NA,NA,NA,NA,NA,NA,NA,NA,NA,NA,NA,NA,NA,NA,NA,84.7904407058207,NA,NA,NA,NA,NA,NA,NA,NA
"Quebec",77.8114354562088,26.330634967804,85.2033063450565,NA,NA,NA,NA,NA,NA,NA,NA,NA,NA,NA,NA,NA,NA,NA,NA,NA,NA,NA,NA,NA,NA,NA,84.8541717985062,NA,NA,NA,NA,NA,NA,NA
"Quebec",77.8114354562088,27.5676721143888,85.2033063450565,NA,NA,NA,NA,NA,NA,NA,NA,NA,NA,NA,NA,NA,NA,NA,NA,NA,NA,NA,NA,NA,NA,NA,NA,84.9130502699213,NA,NA,NA,NA,NA,NA
"Quebec",77.8114354562088,28.9000401612179,85.2033063450565,NA,NA,NA,NA,NA,NA,NA,NA,NA,NA,NA,NA,NA,NA,NA,NA,NA,NA,NA,NA,NA,NA,NA,NA,NA,84.9925177201553,NA,NA,NA,NA,NA
"Quebec",77.8114354562088,29.7288216587738,85.2033063450565,NA,NA,NA,NA,NA,NA,NA,NA,NA,NA,NA,NA,NA,NA,NA,NA,NA,NA,NA,NA,NA,NA,NA,NA,NA,NA,85.0687963049831,NA,NA,NA,NA
"Quebec",77.8114354562088,30.5881400087532,85.2033063450565,NA,NA,NA,NA,NA,NA,NA,NA,NA,NA,NA,NA,NA,NA,NA,NA,NA,NA,NA,NA,NA,NA,NA,NA,NA,NA,NA,85.1159129467473,NA,NA,NA
"Quebec",77.8114354562088,31.6163873482458,85.2033063450565,NA,NA,NA,NA,NA,NA,NA,NA,NA,NA,NA,NA,NA,NA,NA,NA,NA,NA,NA,NA,NA,NA,NA,NA,NA,NA,NA,NA,85.1527928684029,NA,NA
"Quebec",77.8114354562088,32.8683867437479,85.2033063450565,NA,NA,NA,NA,NA,NA,NA,NA,NA,NA,NA,NA,NA,NA,NA,NA,NA,NA,NA,NA,NA,NA,NA,NA,NA,NA,NA,NA,NA,85.2033063450565,85.2033063450565
"Saskatchewan",74.2202735610426,19.1789126942159,80.5439728661936,78.9267562369695,79.0083496407869,79.1031630285046,79.1031630285046,79.1031630285046,79.1031630285046,79.1031630285046,NA,NA,NA,NA,NA,NA,NA,NA,NA,NA,NA,NA,NA,NA,NA,NA,NA,NA,NA,NA,NA,NA,NA,NA
"Saskatchewan",74.2202735610426,23.8766381833553,80.5439728661936,NA,NA,NA,NA,NA,NA,NA,79.2354470712262,79.2671076696115,79.3220926981903,79.3732885594091,79.3732885594091,79.3732885594091,79.3732885594091,NA,NA,NA,NA,NA,NA,NA,NA,NA,NA,NA,NA,NA,NA,NA,NA,NA
"Saskatchewan",74.2202735610426,26.4902374208064,80.5439728661936,NA,NA,NA,NA,NA,NA,NA,NA,NA,NA,NA,NA,NA,NA,79.4863741541736,79.5388330711791,79.6053540092759,79.6868632093742,79.7793188929569,79.8414612376599,79.9021721191382,NA,NA,NA,NA,NA,NA,NA,NA,NA,NA
"Saskatchewan",74.2202735610426,30.741262180068,80.5439728661936,NA,NA,NA,NA,NA,NA,NA,NA,NA,NA,NA,NA,NA,NA,NA,NA,NA,NA,NA,NA,NA,79.9354325881866,80.0028797671936,80.0832101152244,80.174150131863,80.2798257993459,80.3509779419937,80.4010791548641,NA,NA,NA
"Saskatchewan",74.2202735610426,34.1736583821434,80.5439728661936,NA,NA,NA,NA,NA,NA,NA,NA,NA,NA,NA,NA,NA,NA,NA,NA,NA,NA,NA,NA,NA,NA,NA,NA,NA,NA,NA,NA,80.4252456222486,80.4802306508274,80.5439728661936
"Yukon",79.4283478701125,23.7981267116194,85.6327526292776,83.8952431362622,83.8952431362622,83.8952431362622,83.8952431362622,83.8952431362622,83.8952431362622,83.8952431362622,83.8952431362622,83.8952431362622,83.8952431362622,83.8952431362622,83.8952431362622,83.8952431362622,83.8952431362622,NA,NA,NA,NA,NA,NA,NA,NA,NA,NA,NA,NA,NA,NA,NA,NA,NA
"Yukon",79.4283478701125,25.6852231146296,85.6327526292776,NA,NA,NA,NA,NA,NA,NA,NA,NA,NA,NA,NA,NA,NA,84.6017536188526,NA,NA,NA,NA,NA,NA,NA,NA,NA,NA,NA,NA,NA,NA,NA,NA
"Yukon",79.4283478701125,29.5583734149541,85.6327526292776,NA,NA,NA,NA,NA,NA,NA,NA,NA,NA,NA,NA,NA,NA,NA,84.7582445400778,84.7582445400778,84.7582445400778,84.7582445400778,84.7582445400778,NA,NA,NA,NA,NA,NA,NA,NA,NA,NA,NA
"Yukon",79.4283478701125,33.6639587600396,85.6327526292776,NA,NA,NA,NA,NA,NA,NA,NA,NA,NA,NA,NA,NA,NA,NA,NA,NA,NA,NA,NA,85.2461280003682,85.2461280003682,NA,NA,NA,NA,NA,NA,NA,NA,NA
"Yukon",79.4283478701125,35.532644466435,85.6327526292776,NA,NA,NA,NA,NA,NA,NA,NA,NA,NA,NA,NA,NA,NA,NA,NA,NA,NA,NA,NA,NA,NA,85.3819068879019,85.3819068879019,NA,NA,NA,NA,NA,NA,NA
"Yukon",79.4283478701125,37.4519595885209,85.6327526292776,NA,NA,NA,NA,NA,NA,NA,NA,NA,NA,NA,NA,NA,NA,NA,NA,NA,NA,NA,NA,NA,NA,NA,NA,85.510781764205,85.510781764205,85.510781764205,NA,NA,NA,NA
"Yukon",79.4283478701125,38.8419671829333,85.6327526292776,NA,NA,NA,NA,NA,NA,NA,NA,NA,NA,NA,NA,NA,NA,NA,NA,NA,NA,NA,NA,NA,NA,NA,NA,NA,NA,NA,85.5614111798955,85.5614111798955,NA,NA
"Yukon",79.4283478701125,39.4242054633742,85.6327526292776,NA,NA,NA,NA,NA,NA,NA,NA,NA,NA,NA,NA,NA,NA,NA,NA,NA,NA,NA,NA,NA,NA,NA,NA,NA,NA,NA,NA,NA,85.6327526292776,85.6327526292776
